{
    "2023": {
        "Europe": {
            "Germany": {
                "France": 1.278713,
                "Austria": 1.196986,
                "Netherlands": 1.007259,
                "Denmark": 0.965430,
                "Czechia": 0.780842,
                "Switzerland": 0.680732,
                "Norway": 0.636129,
                "Sweden": 0.325155,
                "Belgium": 0.306584
            },
            "Italy": {
                "Switzerland": 3.062582,
                "France": 2.592373,
                "Montenegro": 0.571638,
                "Slovenia": 0.538682,
                "Greece": 0.259577,
                "Austria": 0.202796,
                "Malta": 0.003151
            },
            "Switzerland": {
                "France": 2.423987,
                "Germany": 0.932178,
                "Austria": 0.645536,
                "Italy": 0.117294
            },
            "United Kingdom": {
                "France": 1.818655,
                "Norway": 1.048434,
                "Netherlands": 0.537234,
                "Belgium": 0.476183,
                "Ireland": 0.034977,
                "Denmark": 0.003137
            },
            "Hungary": {
                "Slovakia": 1.160545,
                "Serbia": 0.836817,
                "Romania": 0.576573,
                "Austria": 0.572794,
                "Croatia": 0.227137,
                "Slovenia": 0.170367
            },
            "France": {
                "Spain": 1.094802,
                "Belgium": 0.610182,
                "Germany": 0.542543,
                "Switzerland": 0.462853,
                "United Kingdom": 0.304967,
                "Italy": 0.019563
            },
            "Poland": {
                "Germany": 1.337956,
                "Sweden": 0.678887,
                "Lithuania": 0.307968,
                "Czechia": 0.106878,
                "Ukraine": 0.043843,
                "Slovakia": 0.035732
            },
            "Austria": {
                "Germany": 1.077179,
                "Czechia": 0.917852,
                "Slovenia": 0.133028,
                "Switzerland": 0.126531,
                "Hungary": 0.102190,
                "Italy": 0.000949
            },
            "Belgium": {
                "Netherlands": 0.914277,
                "France": 0.667787,
                "Germany": 0.278052,
                "United Kingdom": 0.097377,
                "Luxembourg": 0.003666
            },
            "Spain": {
                "France": 1.201542,
                "Portugal": 0.705770,
                "Morocco": 0.035825
            },
            "Denmark": {
                "Sweden": 0.583872,
                "Norway": 0.536351,
                "Netherlands": 0.162177,
                "Germany": 0.108374
            },
            "Greece": {
                "Bulgaria": 0.580649,
                "North Macedonia": 0.301850,
                "Albania": 0.221088,
                "Italy": 0.210177,
                "Turkey": 0.065688,
                "Serbia": 0.002009
            },
            "Portugal": {
                "Spain": 1.295731
            },
            "Romania": {
                "Serbia": 0.548058,
                "Hungary": 0.361831,
                "Bulgaria": 0.334119,
                "Moldova": 0.027631,
                "Switzerland": 0.009563,
                "Ukraine": 0
            },
            "Czechia": {
                "Germany": 4.313690,
                "Slovakia": 1.983540,
                "Austria": 1.175540,
                "Poland": 0.517207,
                "Luxembourg": 0.556333,
                "Netherlands": 0.103691,
                "Belgium": 0.011137
            },
            "Lithuania": {
                "Sweden": 4.694020,
                "Latvia": 3.620600,
                "Poland": 0.997418,
                "Russian Federation": 0.045365
            },
            "Croatia": {
                "Slovenia": 4.284890,
                "Bosnia and Herzegovina": 1.816720,
                "Serbia": 1.476470,
                "Hungary": 1.847710
            },
            "Slovenia": {
                "Croatia": 4.219810,
                "Austria": 2.625320,
                "Hungary": 1.325110,
                "Switzerland": 0.041342,
                "Italy": 0.025900,
                "Serbia": 0.016427
            },
            "Serbia": {
                "Romania": 1.533990,
                "Bosnia and Herzegovina": 1.183410,
                "North Macedonia": 0.544717,
                "Hungary": 0.742011,
                "Denmark": 0.475518,
                "Bulgaria": 0.343008,
                "Croatia": 0.469974,
                "Montenegro": 0.400813,
                "Slovenia": 0.158375,
                "Luxembourg": 0.091019,
                "Switzerland": 0.034956,
                "Netherlands": 0.019701,
                "Albania": 0.003730
            },
            "Estonia": {
                "Finland": 7.659690
            },
            "Norway": {
                "Sweden": 7.87773,
                "Denmark": 2.60115,
                "Germany": 1.63459,
                "Netherlands": 0.644724,
                "United Kingdom": 0.400352,
                "Finland": 0.014574
            },
            "Finland": {
                "Sweden": 9.580120,
                "Norway": 0.379192,
                "Estonia": 0.045196
            },
            "Ireland": {
                "United Kingdom": 0.486116
            },
            "Bulgaria": {
                "Serbia": 0.219337,
                "North Macedonia": 0.163726,
                "Turkey": 0.101275
            },
            "Latvia": {
                "Estonia": 0.243502,
                "Lithuania": 0.112724,
                "Russian Federation": 0.064046
            },
            "Sweden": {
                "Norway": 4.34929,
                "Denmark": 1.46664,
                "Finland": 0.882719,
                "Poland": 0.252748,
                "Germany": 0.352643,
                "Lithuania": 0.029136
            }
        },
        "North America": {
            "United States": {
                "Canada": 16.6677,
                "Mexico": 0.082557
            },
            "Canada": {
                "United States": 16.667700,
                "China": 0.000210,
                "Netherlands": 0.000096,
                "Mexico": 0.000008,
                "Philippines": 0.000004,
                "Other Asia, nes": 0.000003
            }
        },
        "South America": {
            "Brazil": {
                "Paraguay": 5.67439,
                "Argentina": 0.005367
            },
            "Argentina": {
                "Paraguay": 8.18724,
                "Brazil": 5.773280,
                "Uruguay": 0.229141,
                "Chile": 0.107220,
                "Bolivia": 0.074520
            },
            "Ecuador": {
                "Colombia": 0.281305,
                "Peru": 0.003967
            },
            "Colombia": {
                "Ecuador": 0.033644
            },
            "Mexico": {
                "United States": 0.082557
            },
            "El Salvador": {
                "Guatemala": 0.023252,
                "Panama": 0.007895,
                "Costa Rica": 0.000090
            }
        },
        "Asia": {
            "Hong Kong": {
                "World": 4.118994,
                "China": 2.423987,
                "Japan": 0.932178,
                "Korea, Rep.": 0.001522
            },
            "Cambodia": {
                "Lao PDR": 0.181352,
                "Vietnam": 0.053265,
                "Thailand": 0.009294
            },
            "Kazakhstan": {
                "Russian Federation": 0.235473,
                "Kyrgyz Republic": 0.000495
            },
            "North Macedonia": {
                "Bulgaria": 0.079478,
                "Serbia": 0.077694,
                "Hungary": 0.035334,
                "Greece": 0.017792,